quinoa,soymilk,coffee,chocloate,
quinoa,soymilk,kale,tea,
quinoa,kale,,,
quinoa,soymilk,coffee,chocloate,
quinoa,soymilk,carrot,tea,
quinoa,kale,,,
quinoa,soymilk,coffee,chocloate,carrot
quinoa,soymilk,kale,tea,
quinoa,carrot,,,
quinoa,soymilk,coffee,chocloate,
quinoa,soymilk,kale,tea,
quinoa,carrot,,,
quinoa,soymilk,coffee,chocloate,carrot
quinoa,soymilk,,tea,
quinoa,kale,,,
quinoa,soymilk,coffee,chocloate,
quinoa,soymilk,carrot,,
quinoa,carrot,,,
quinoa,soymilk,coffee,chocloate,
quinoa,soymilk,,,
